{"cameraMode":{"drawMode":0,"name":"Shaded","section":"Shading Mode"},"sceneLighting":true,"audioPlay":false,"sceneViewState":{"showFog":true,"showMaterialUpdate":false,"showSkybox":true,"showFlares":true,"showImageEffects":true,"showParticleSystems":true},"in2DMode":false,"pivot":{"x":-0.4431355893611908,"y":-0.7603404521942139,"z":-6.971686363220215},"rotation":{"x":0.0021619931794703008,"y":-0.996239423751831,"z":0.08268753439188004,"w":0.02601439319550991},"size":9.979750633239746,"orthographic":false}