{"cameraMode":{"drawMode":0,"name":"Shaded","section":"Shading Mode"},"sceneLighting":true,"audioPlay":false,"sceneViewState":{"showFog":true,"showMaterialUpdate":false,"showSkybox":true,"showFlares":true,"showImageEffects":true,"showParticleSystems":true},"in2DMode":false,"pivot":{"x":-988.0642700195313,"y":-528.8069458007813,"z":385.2037048339844},"rotation":{"x":0.18923649191856385,"y":-0.549387514591217,"z":0.12943069636821748,"w":0.8035715818405151},"size":1189.1541748046875,"orthographic":false}