{"cameraMode":{"drawMode":0,"name":"Shaded","section":"Shading Mode"},"sceneLighting":true,"audioPlay":false,"sceneViewState":{"showFog":true,"showMaterialUpdate":false,"showSkybox":true,"showFlares":true,"showImageEffects":true,"showParticleSystems":true},"in2DMode":false,"pivot":{"x":0.4099333882331848,"y":1.6753644943237305,"z":-1.8469734191894532},"rotation":{"x":-0.19876737892627717,"y":0.6122604012489319,"z":-0.16274961829185487,"w":-0.7477571368217468},"size":10.0,"orthographic":false}