{"cameraMode":{"drawMode":0,"name":"Shaded","section":"Shading Mode"},"sceneLighting":false,"audioPlay":false,"sceneViewState":{"showFog":true,"showMaterialUpdate":false,"showSkybox":true,"showFlares":true,"showImageEffects":true,"showParticleSystems":true},"in2DMode":false,"pivot":{"x":-3.4492568969726564,"y":3.1212964057922365,"z":-0.5450496673583984},"rotation":{"x":0.2772963047027588,"y":0.09266309440135956,"z":-0.026851026341319085,"w":0.9559949040412903},"size":261.3565368652344,"orthographic":false}