{"cameraMode":{"drawMode":0,"name":"Shaded","section":"Shading Mode"},"sceneLighting":true,"audioPlay":false,"sceneViewState":{"showFog":true,"showMaterialUpdate":false,"showSkybox":true,"showFlares":true,"showImageEffects":true,"showParticleSystems":true},"in2DMode":false,"pivot":{"x":-3.1217052936553957,"y":-0.40028321743011477,"z":-4.650238990783691},"rotation":{"x":0.04760349914431572,"y":-0.9306832551956177,"z":0.13097313046455384,"w":0.33825773000717165},"size":14.860950469970704,"orthographic":false}