{"cameraMode":{"drawMode":0,"name":"Shaded","section":"Shading Mode"},"sceneLighting":true,"audioPlay":false,"sceneViewState":{"showFog":true,"showMaterialUpdate":false,"showSkybox":true,"showFlares":true,"showImageEffects":true,"showParticleSystems":true},"in2DMode":false,"pivot":{"x":-10.595949172973633,"y":-2.4426145553588869,"z":-3.72536301612854},"rotation":{"x":0.15110448002815247,"y":-0.7661034464836121,"z":0.19505544006824494,"w":0.5934808850288391},"size":58.69453811645508,"orthographic":false}